{"blocksworld": {"mean": 83.5, "std": 14.994999166388773}, "depots": {"mean": 218.9, "std": 25.327652871910576}, "driverlog": {"mean": 313.9, "std": 95.79086595286631}, "goldminer": {"mean": 348.3, "std": 174.43053058452813}, "grippers": {"mean": 68.9, "std": 21.897260102579047}, "logistics": {"mean": 96.0, "std": 25.64371267971937}, "miconic": {"mean": 238.4, "std": 43.2601433192263}, "mystery": {"mean": 122.2, "std": 18.197802065084673}, "npuzzle": {"mean": 153.0, "std": 0.0}, "satellite": {"mean": 197.2, "std": 54.19188131076462}, "spanner": {"mean": 260.9, "std": 15.12249979335427}, "visitall": {"mean": 604.2, "std": 154.20622555526091}, "zenotravel": {"mean": 95.4, "std": 7.418894796396563}}